timestamp,title,price,url
2025-12-07 14:50:58,"Apple iPhone 17 Pro Max, US Version, 256GB, eSIM, Cosmic Orange- Unlocked (Renewed)","$1,369.97",https://www.amazon.com/Apple-Version-Orange-Unlocked-Renewed/dp/B0FTC2PRVZ/ref=mp_s_a_1_3?crid=12DU2W23NGUG6&dib=eyJ2IjoiMSJ9.GyiR0GcyN_tVX_yq3UHqDHSsfvKHHipt_aXtlfqAbuLAIApqsYWEOJrlXC8YgKT2U2oflmiHUMRRBM13CnJCq1jPBl8eHdakCgv4UFERp6RQlZk0x9cm4bp0MLfPcTHLNK1RAtVT67uM_W05Ttdfm5DL5YXmpHlBLsAhQCJ5MgWQRC9posVq_wNTSSqiMQBEOyrZbiTAp7lV-FsHRd1Xgw.mYf6M63S7Hoq-FcR-xtNBYOJdv5j-1s71GnP9vAZn7o&dib_tag=se&keywords=iphone%2B17%2Bpro%2Bmax&qid=1764770796&sprefix=Iphone%2B1%2Caps%2C190&sr=8-3&th=1
2025-12-07 14:52:41,"Apple iPhone 17 Pro Max, US Version, 256GB, eSIM, Cosmic Orange- Unlocked (Renewed)","$1,369.97",https://www.amazon.com/Apple-Version-Orange-Unlocked-Renewed/dp/B0FTC2PRVZ/ref=mp_s_a_1_3?crid=12DU2W23NGUG6&dib=eyJ2IjoiMSJ9.GyiR0GcyN_tVX_yq3UHqDHSsfvKHHipt_aXtlfqAbuLAIApqsYWEOJrlXC8YgKT2U2oflmiHUMRRBM13CnJCq1jPBl8eHdakCgv4UFERp6RQlZk0x9cm4bp0MLfPcTHLNK1RAtVT67uM_W05Ttdfm5DL5YXmpHlBLsAhQCJ5MgWQRC9posVq_wNTSSqiMQBEOyrZbiTAp7lV-FsHRd1Xgw.mYf6M63S7Hoq-FcR-xtNBYOJdv5j-1s71GnP9vAZn7o&dib_tag=se&keywords=iphone%2B17%2Bpro%2Bmax&qid=1764770796&sprefix=Iphone%2B1%2Caps%2C190&sr=8-3&th=1
2025-12-07 14:53:43,"Apple iPhone 17 Pro Max, US Version, 256GB, eSIM, Cosmic Orange- Unlocked (Renewed)","$1,369.97",https://www.amazon.com/Apple-Version-Orange-Unlocked-Renewed/dp/B0FTC2PRVZ/ref=mp_s_a_1_3?crid=12DU2W23NGUG6&dib=eyJ2IjoiMSJ9.GyiR0GcyN_tVX_yq3UHqDHSsfvKHHipt_aXtlfqAbuLAIApqsYWEOJrlXC8YgKT2U2oflmiHUMRRBM13CnJCq1jPBl8eHdakCgv4UFERp6RQlZk0x9cm4bp0MLfPcTHLNK1RAtVT67uM_W05Ttdfm5DL5YXmpHlBLsAhQCJ5MgWQRC9posVq_wNTSSqiMQBEOyrZbiTAp7lV-FsHRd1Xgw.mYf6M63S7Hoq-FcR-xtNBYOJdv5j-1s71GnP9vAZn7o&dib_tag=se&keywords=iphone%2B17%2Bpro%2Bmax&qid=1764770796&sprefix=Iphone%2B1%2Caps%2C190&sr=8-3&th=1
2025-12-07 14:53:56,"Apple iPhone 17 Pro Max, US Version, 256GB, eSIM, Cosmic Orange- Unlocked (Renewed)","$1,369.97",https://www.amazon.com/Apple-Version-Orange-Unlocked-Renewed/dp/B0FTC2PRVZ/ref=mp_s_a_1_3?crid=12DU2W23NGUG6&dib=eyJ2IjoiMSJ9.GyiR0GcyN_tVX_yq3UHqDHSsfvKHHipt_aXtlfqAbuLAIApqsYWEOJrlXC8YgKT2U2oflmiHUMRRBM13CnJCq1jPBl8eHdakCgv4UFERp6RQlZk0x9cm4bp0MLfPcTHLNK1RAtVT67uM_W05Ttdfm5DL5YXmpHlBLsAhQCJ5MgWQRC9posVq_wNTSSqiMQBEOyrZbiTAp7lV-FsHRd1Xgw.mYf6M63S7Hoq-FcR-xtNBYOJdv5j-1s71GnP9vAZn7o&dib_tag=se&keywords=iphone%2B17%2Bpro%2Bmax&qid=1764770796&sprefix=Iphone%2B1%2Caps%2C190&sr=8-3&th=1
2025-12-07 14:54:10,"Apple iPhone 17 Pro Max, US Version, 256GB, eSIM, Cosmic Orange- Unlocked (Renewed)","$1,369.97",https://www.amazon.com/Apple-Version-Orange-Unlocked-Renewed/dp/B0FTC2PRVZ/ref=mp_s_a_1_3?crid=12DU2W23NGUG6&dib=eyJ2IjoiMSJ9.GyiR0GcyN_tVX_yq3UHqDHSsfvKHHipt_aXtlfqAbuLAIApqsYWEOJrlXC8YgKT2U2oflmiHUMRRBM13CnJCq1jPBl8eHdakCgv4UFERp6RQlZk0x9cm4bp0MLfPcTHLNK1RAtVT67uM_W05Ttdfm5DL5YXmpHlBLsAhQCJ5MgWQRC9posVq_wNTSSqiMQBEOyrZbiTAp7lV-FsHRd1Xgw.mYf6M63S7Hoq-FcR-xtNBYOJdv5j-1s71GnP9vAZn7o&dib_tag=se&keywords=iphone%2B17%2Bpro%2Bmax&qid=1764770796&sprefix=Iphone%2B1%2Caps%2C190&sr=8-3&th=1
2025-12-07 14:54:24,"Apple iPhone 17 Pro Max, US Version, 256GB, eSIM, Cosmic Orange- Unlocked (Renewed)","$1,369.97",https://www.amazon.com/Apple-Version-Orange-Unlocked-Renewed/dp/B0FTC2PRVZ/ref=mp_s_a_1_3?crid=12DU2W23NGUG6&dib=eyJ2IjoiMSJ9.GyiR0GcyN_tVX_yq3UHqDHSsfvKHHipt_aXtlfqAbuLAIApqsYWEOJrlXC8YgKT2U2oflmiHUMRRBM13CnJCq1jPBl8eHdakCgv4UFERp6RQlZk0x9cm4bp0MLfPcTHLNK1RAtVT67uM_W05Ttdfm5DL5YXmpHlBLsAhQCJ5MgWQRC9posVq_wNTSSqiMQBEOyrZbiTAp7lV-FsHRd1Xgw.mYf6M63S7Hoq-FcR-xtNBYOJdv5j-1s71GnP9vAZn7o&dib_tag=se&keywords=iphone%2B17%2Bpro%2Bmax&qid=1764770796&sprefix=Iphone%2B1%2Caps%2C190&sr=8-3&th=1
2025-12-07 15:00:26,"Apple iPhone 17 Pro Max, US Version, 256GB, eSIM, Cosmic Orange- Unlocked (Renewed)","$1,369.97",https://www.amazon.com/Apple-Version-Orange-Unlocked-Renewed/dp/B0FTC2PRVZ/ref=mp_s_a_1_3?crid=12DU2W23NGUG6&dib=eyJ2IjoiMSJ9.GyiR0GcyN_tVX_yq3UHqDHSsfvKHHipt_aXtlfqAbuLAIApqsYWEOJrlXC8YgKT2U2oflmiHUMRRBM13CnJCq1jPBl8eHdakCgv4UFERp6RQlZk0x9cm4bp0MLfPcTHLNK1RAtVT67uM_W05Ttdfm5DL5YXmpHlBLsAhQCJ5MgWQRC9posVq_wNTSSqiMQBEOyrZbiTAp7lV-FsHRd1Xgw.mYf6M63S7Hoq-FcR-xtNBYOJdv5j-1s71GnP9vAZn7o&dib_tag=se&keywords=iphone%2B17%2Bpro%2Bmax&qid=1764770796&sprefix=Iphone%2B1%2Caps%2C190&sr=8-3&th=1
2025-12-07 15:02:49,"Apple iPhone 17 Pro Max, US Version, 256GB, eSIM, Cosmic Orange- Unlocked (Renewed)","$1,369.97",https://www.amazon.com/Apple-Version-Orange-Unlocked-Renewed/dp/B0FTC2PRVZ/ref=mp_s_a_1_3?crid=12DU2W23NGUG6&dib=eyJ2IjoiMSJ9.GyiR0GcyN_tVX_yq3UHqDHSsfvKHHipt_aXtlfqAbuLAIApqsYWEOJrlXC8YgKT2U2oflmiHUMRRBM13CnJCq1jPBl8eHdakCgv4UFERp6RQlZk0x9cm4bp0MLfPcTHLNK1RAtVT67uM_W05Ttdfm5DL5YXmpHlBLsAhQCJ5MgWQRC9posVq_wNTSSqiMQBEOyrZbiTAp7lV-FsHRd1Xgw.mYf6M63S7Hoq-FcR-xtNBYOJdv5j-1s71GnP9vAZn7o&dib_tag=se&keywords=iphone%2B17%2Bpro%2Bmax&qid=1764770796&sprefix=Iphone%2B1%2Caps%2C190&sr=8-3&th=1
2025-12-07 15:19:51,"Apple iPhone 17 Pro Max, US Version, 256GB, eSIM, Cosmic Orange- Unlocked (Renewed)","$1,369.97",https://www.amazon.com/Apple-Version-Orange-Unlocked-Renewed/dp/B0FTC2PRVZ/ref=mp_s_a_1_3?crid=12DU2W23NGUG6&dib=eyJ2IjoiMSJ9.GyiR0GcyN_tVX_yq3UHqDHSsfvKHHipt_aXtlfqAbuLAIApqsYWEOJrlXC8YgKT2U2oflmiHUMRRBM13CnJCq1jPBl8eHdakCgv4UFERp6RQlZk0x9cm4bp0MLfPcTHLNK1RAtVT67uM_W05Ttdfm5DL5YXmpHlBLsAhQCJ5MgWQRC9posVq_wNTSSqiMQBEOyrZbiTAp7lV-FsHRd1Xgw.mYf6M63S7Hoq-FcR-xtNBYOJdv5j-1s71GnP9vAZn7o&dib_tag=se&keywords=iphone%2B17%2Bpro%2Bmax&qid=1764770796&sprefix=Iphone%2B1%2Caps%2C190&sr=8-3&th=1
2025-12-07 15:24:27,"Apple iPhone 17 Pro Max, US Version, 256GB, eSIM, Cosmic Orange- Unlocked (Renewed)","$1,369.97",https://www.amazon.com/Apple-Version-Orange-Unlocked-Renewed/dp/B0FTC2PRVZ/ref=mp_s_a_1_3?crid=12DU2W23NGUG6&dib=eyJ2IjoiMSJ9.GyiR0GcyN_tVX_yq3UHqDHSsfvKHHipt_aXtlfqAbuLAIApqsYWEOJrlXC8YgKT2U2oflmiHUMRRBM13CnJCq1jPBl8eHdakCgv4UFERp6RQlZk0x9cm4bp0MLfPcTHLNK1RAtVT67uM_W05Ttdfm5DL5YXmpHlBLsAhQCJ5MgWQRC9posVq_wNTSSqiMQBEOyrZbiTAp7lV-FsHRd1Xgw.mYf6M63S7Hoq-FcR-xtNBYOJdv5j-1s71GnP9vAZn7o&dib_tag=se&keywords=iphone%2B17%2Bpro%2Bmax&qid=1764770796&sprefix=Iphone%2B1%2Caps%2C190&sr=8-3&th=1
2025-12-07 15:25:41,"Apple iPhone 17 Pro Max, US Version, 256GB, eSIM, Cosmic Orange- Unlocked (Renewed)","$1,369.97",https://www.amazon.com/Apple-Version-Orange-Unlocked-Renewed/dp/B0FTC2PRVZ/ref=mp_s_a_1_3?crid=12DU2W23NGUG6&dib=eyJ2IjoiMSJ9.GyiR0GcyN_tVX_yq3UHqDHSsfvKHHipt_aXtlfqAbuLAIApqsYWEOJrlXC8YgKT2U2oflmiHUMRRBM13CnJCq1jPBl8eHdakCgv4UFERp6RQlZk0x9cm4bp0MLfPcTHLNK1RAtVT67uM_W05Ttdfm5DL5YXmpHlBLsAhQCJ5MgWQRC9posVq_wNTSSqiMQBEOyrZbiTAp7lV-FsHRd1Xgw.mYf6M63S7Hoq-FcR-xtNBYOJdv5j-1s71GnP9vAZn7o&dib_tag=se&keywords=iphone%2B17%2Bpro%2Bmax&qid=1764770796&sprefix=Iphone%2B1%2Caps%2C190&sr=8-3&th=1
2025-12-07 15:27:00,"Apple iPhone 17 Pro Max, US Version, 256GB, eSIM, Cosmic Orange- Unlocked (Renewed)","$1,369.97",https://www.amazon.com/Apple-Version-Orange-Unlocked-Renewed/dp/B0FTC2PRVZ/ref=mp_s_a_1_3?crid=12DU2W23NGUG6&dib=eyJ2IjoiMSJ9.GyiR0GcyN_tVX_yq3UHqDHSsfvKHHipt_aXtlfqAbuLAIApqsYWEOJrlXC8YgKT2U2oflmiHUMRRBM13CnJCq1jPBl8eHdakCgv4UFERp6RQlZk0x9cm4bp0MLfPcTHLNK1RAtVT67uM_W05Ttdfm5DL5YXmpHlBLsAhQCJ5MgWQRC9posVq_wNTSSqiMQBEOyrZbiTAp7lV-FsHRd1Xgw.mYf6M63S7Hoq-FcR-xtNBYOJdv5j-1s71GnP9vAZn7o&dib_tag=se&keywords=iphone%2B17%2Bpro%2Bmax&qid=1764770796&sprefix=Iphone%2B1%2Caps%2C190&sr=8-3&th=1
